normalized_company,label
WMS Weinevents & Marketing Services GmbH,0
Delware UG ( haftungsbeschrankt ),0
Elektro Schmid e . K .,0
Asco Numatics GmbH,0
Country u . Mode GmbH,0
La Luna 2 4 GmbH & Co . KG,0
steelcon Regensburger Bau konstruktion GmbH,0
Villa Gerstenberg GmbH,0
E . T . H . Esser - Textil - Handels - GmbH,0
Ginotex GmbH,0
Dowd Bedachungen GmbH,0
"Gaisendrees GmbH Treppen , Tore , Turen",0
win : pro Invent GmbH & Co Sieb ente bioenergy KG,0
Bodywave Service GmbH,0
ProCura Beratung netzwerk GmbH,0
Friedrich - Baur - GmbH,0
Profi Design GmbH,0
EE Wind park Flerzheim GmbH & Co . KG,0
DG Kunststoff technik GmbH,0
Briese Schiffahrts GmbH & Co . KG MS Bantsbalje,0
ever clean 2 4 GmbH,0
Cafehaus Besch GmbH,0
AptidA Unternehmer gesellschaft ( haftungsbeschrankt ),0
W & S Limited & Co . KG,0
Fliesen Eckardt Verwaltungs GmbH,0
DBS Training + Consulting GmbH,0
BabyOne Beteiligungs - Verwaltungs GmbH,0
CLW Clausthaler Laser - und Werk stoff technik GmbH,0
K . H . S . Pharma Holding GmbH,0
Mobel Franchise - System GmbH,0
Beringer AG,0
planTEK Heidelberg GmbH,0
Anda Handels - und Speditions GmbH,0
"ddc - Dethloff Diagnostik & Consulting Maschinen diagnose , Mess - u . Sensor technik GmbH",0
ErSol Solar strom GmbH,0
Gerhard Engels e . K .,0
ESADA Immobilien Geschafts fuhrung GmbH,0
Zabel Grundstucks gesellschaft mbH & Co . KG,0
BT Personal GmbH,0
Okabashi Deutschland GmbH,0
Weck Tiefbau GmbH,0
Osten tor - Apotheke Inh . Gabriele Jehn,0
Tischlerei Kaiser Verwaltungs GmbH,0
Advanced living Inhaber : Michael Horling e . K,0
Philipp Beteiligungs GmbH,0
G & G Gastronomie GmbH & Co . Frankfurter Allee 44 KG,0
UNI COMPOSITES GmbH,0
AKH Alpen blick Klinik Hotzenplotz GmbH & Co . KG,0
ADM Dienst leistungen GmbH & Co . KG,0
Personal - u . Immobilien management UG ( haftungsbeschrankt ),0
Nagel design und Fuss pflege Annette Spieker e . K .,0
Haus technik - Montagen GmbH,0
Peter Zufle GmbH,0
KSI Salomon + Steinborn GmbH,0
Meier Transport - Service GmbH,0
TeamHoff UG ( haftungsbeschrankt ),0
BHI GmbH & Co . KG,0
RIAG Immobilien besitz Erste GmbH,0
D & L Dienstleistung und Logistic - 4 You GmbH,0
REWE - Markt Sieghart oHG,0
Altes Kreis haus Ahaus GmbH & Co . KG,0
Elektro Burs GmbH,0
Stadt werke Wiehl Gesellschaft mit beschrankter Haftung,0
Trend Network Gesellschaft fur digitales Marketing und Markt forschung Aktien gesellschaft,0
BAUDIS Aktien gesellschaft Bau dienst - und Service leistungen,0
City Select Immobilien Vermogens verwaltung GmbH,0
Probau UG ( haftungsbeschrankt ),0
MWE Bau gesellschaft mbH,0
Dahlke erste Vermogens verwaltung GmbH,0
ADB an der Brugge GmbH,0
Surflay Nanotec GmbH,0
DeBo Montage bau Verw . - GmbH,0
GZ Bad Kissingen - Verwaltungs GmbH,0
GMIT GmbH,0
Amend Restaurant betrieb Amsinckstrasse GmbH & Co . KG,0
bioleague Verwaltungs GmbH,0
Gann & Raith Winter garten GmbH & Co . KG,0
RMA - Asphalt GmbH,0
Kurt Tweesmann GmbH,0
Sigma Immobilien Vermittlungs GmbH,0
Tennis park Stein bach GmbH,0
EFFECT Bau GmbH,0
Chemnitzer Gesellschaft fur Wohnung bau mit beschrankter Haftung,0
Cafe Schaper Inh . Monika Fanenstich e . Kfr .,0
Gebr . Rotzel - Reise dienst OHG,0
EKS - Technik GmbH,0
Energie GmbH Verbands gemeinde Dierdorf,0
Newsmax Medien Gesellschaft mbH,0
Norbert Gres GmbH,0
Treugeno GmbH Wirtschaft prufung gesellschaft,0
Blick GmbH,0
Pirminius - Werk gGmbH,0
Elektro - Zorbau GmbH,0
Sonnen eck Wein handels - Gesellschaft mit beschrankter Haftung,0
Container dienst Wagner Gesellschaft mit beschrankter Haftung,0
GDE Gesellschaft fur dezentrale Energie systeme mbH,0
FrommeConsulting GmbH,0
Metzgerei Cantz GmbH,0
Dr . Thilenius Management GmbH,0
IMVA Grundstucks GmbH & Co . KG,0
C . A . Moller GmbH,0
BTVG Wurmtal - Unternehmer gesellschaft ( haftungsbeschrankt ),0
Unterelbe Beteiligung gesellschaft Breuer & Co . OHG,0
Trantower Agrar GmbH & Co . KG Vorpommern,0
Salvemus gemeinnutzige Gesellschaft fur medizinische Versorgung zentren mbH,0
Herzoglich Sachsische Vermogens verwaltung GmbH,0
CD Recycling GmbH,0
Traufen GmbH,0
Oxalis GmbH,0
Klemm + Sohn GmbH & Co . KG,0
Reh GmbH & Co . KG,0
Activ - Sport Budelsdorf Verwaltungs GmbH,0
S & H Bau unternehmen GmbH,0
Gastro Il Quinto UG ( haftungsbeschrankt ),0
Birgitt Stedtfeld Vermogens GmbH & Co . KG,0
AdvantiPro GmbH,0
Schafer Trennwand systeme GmbH,0
DAUTEL BETEILIGUNGS - GMBH,0
PCS GmbH,0
C . G . Verwaltungs GmbH,0
Bucher & Kunst SV GmbH,0
BBR rail automation GmbH,0
Expa Objekt Verwaltungs GmbH,0
Sport und Freizeit GmbH Offenbach,0
BG Beteiligung GmbH,0
KIMESSA GmbH,0
Silica Anlagen bau GmbH & Co . KG,0
ABS Meiller GmbH,0
Stresow Zucht Eins GmbH,0
Mobel haus G . L . Rothing GmbH,0
Wolff - Energie park GmbH & Co . KG,0
TechWerks GmbH,0
Elektro - Heikaus Gesellschaft mit beschrankter Haftung,0
GISA GmbH,0
Btplustel GmbH,0
TAD INOX SERVICE GMBH,0
C . Stein weg Gesellschaft mit beschrankter Haftung,0
GETS - Logistik GmbH,0
Auto haus M . Grundel e . K,0
Acker manns Handels kontor GmbH,0
TriStar Vermogens verwaltung GmbH,0
HS Helios GmbH & Co . Photovoltaik KG,0
Apotheke im real e . K .,0
Armin Stoltenberg Grundstucks erschliessung gesellschaft mbH,0
Westpfalzische Schrott handels gesellschaft mbH,0
LUMA Verwaltungs UG ( haftungsbeschrankt ),0
D . M . BAUCONSULTING GmbH,0
CORDELIA Verwaltung gesellschaft mbH,0
Auto handels & Technik GmbH Zschopau,0
Kultur club Media GmbH,0
Corinna Mosler - Jakobsohn Kosmetik vertrieb e . K .,0
my Deco GmbH,0
Photon Energy Operations DE SW GmbH,0
CONLINK Versicherung dienste GmbH,0
Michael Christ Unternehmer gesellschaft ( haftungsbeschrankt ),0
Bibliothek verband Mittel franken e . V . - Bucher dienst,0
MBVI - UG ( haftungsbeschrankt ),0
Onel Trade GmbH,0
Bernini Milano Retail GmbH,0
Gebaude reinigung betrieb Elfriede Mohle KG,0
Cyoshi Crucial GmbH,0
Sascha Schneeweis UG ( haftungsbeschrankt ),0
Gebruder Haldan GmbH & Co . KG,0
Desjoyaux Pools Freising GmbH,0
PS - Logistik e . Kfr .,0
Reffelmann Liegenschaften Verwaltungs GmbH,0
SieAne Information systeme & Consulting GmbH,0
Ferien wohnung - und Zimmer vermietung Inhaber Christina Oelgardt e . K .,0
Markl Verwaltungs - GmbH,0
B . F . G . Beton - Forder gesellschaft mit beschrankter Haftung Aachen - Duren - Julich,0
Michel - Treuhand GmbH Wirtschaft prufung gesellschaft,0
BON POOL IDM Franz GmbH,0
1 3 . EDG Grund besitz gesellschaft mbH & Co . KG,0
Konrad Stippler Vermogens verwaltung GmbH & Co . KG,0
PCP - Finanz planung e . K .,0
Gebr . Sommer berg GmbH,0
Das Stadtidyll Stefan Heinrich e . K .,0
Achte MPC Best Select Private Equity GmbH & Co . KG,0
CPS Computer vertrieb programmierung - Service GmbH,0
Apomedicus Vermietungs - und Beratungs GmbH,0
ACZEPTA Haus St . Landelin GmbH,0
Contempora Musik produktion und Musik verlag GmbH,0
GIK Gesellschaft fur Immobilien und Kapital verwaltung mbH & Co . EINKAUFS ZENTRUM LAMPERTHEIM KG,0
ELINKA Maintenance GmbH,0
Johann Zillinger Mobel haus Gesellschaft mit beschrankter Haftung,0
El Conquistador UG ( haftungsbeschrankt ),0
cbtec e . K .,0
Diamant 1 4 2 . ( Einhundertzweiundvierzigste ) GmbH,0
Frank Pittner Verwaltungs GmbH,0
Erste BLPG Beteiligungs - und Lizenzpool GmbH,0
Bilfinger Real Estate Fonds management GmbH,0
Burchert GmbH,0
ASEKO GmbH,0
Cordes & Graefe Bremen KG,0
"Hans Sporer GmbH , Rosen heim",0
sportsresearch & analytics GmbH Datamanagement & Advanced Statistical Research,0
Adunia Deluxe GmbH,0
ratisbona rent a car GmbH,0
Berg mann OHG Brennstoffe - Heizol - Transporte,0
tranxx schwebe bad & massage welt GmbH,0
MA Gebaude management GmbH,0
AW Construct Planungs KG,0
BI Gaststatten betriebs GmbH,0
Spranz GmbH,0
Sozial - und Sonder bauten GmbH,0
NSCGLOBAL GmbH,0
BONUS Nord West GmbH,0
P . V . U . Service und Consulting Gesellschaft mit beschrankter Haftung,0
Terra Property GmbH & Co . KG,0
Johann Edenhofer Verwaltungs - GmbH,0
Konig GmbH - Stahl bau - Schlosserei,0
Stryker Beteiligungs GmbH,0
Frey Treffpunkt Verwaltung gesellschaft mbH,0
Benchpark GmbH & Co . KG,0
Emil Minuth & Co . Abwicklung gesellschaft mbH i . L .,0
"Georg Haimerl , Inh . Martina Haimerl e . K .",0
BEKA Holz werk AG,0
Move & Work Interactive GmbH,0
Dr . Kramps Beteiligungen GmbH,0
Aquacert KG,0
Nivona Apparate GmbH,0
bioenergy systems GmbH,0
E . Richard Thieme GmbH,0
Markt jagd GmbH,0
TACT Handels GmbH,0
Oasis Travel GmbH,0
Vangerow GmbH,0
H & S Abbruch GmbH,0
A & H Bau GmbH,0
BSS Verwaltung gesellschaft mbH,0
Karola Kruger Beratungs UG ( haftungsbeschrankt ),0
Kusin Transporte Gesellschaft mit beschrankter Haftung,0
Backsolution - Physio UG ( haftungsbeschrankt ),0
Ulmer - Kemo GmbH & Co . KG,0
Adi ConsumerFinanz GmbH,0
Gebruder Heinz - Herr mann und Georg Michel GmbH,0
Consulting People Unternehmens beratung GmbH,0
Menzel & Paul GMBH Immobilien Consultants,0
Autocentrale ACS GmbH,0
Sultan Palace GmbH,0
DRD Kohlen bergwerk Automation GmbH,0
DayMen Verwaltung gesellschaft mit beschrankter Haftung,0
Bongartz Gesellschaft mit beschrankter Haftung,0
Sunkel Verwaltungs GmbH,0
Tegtmeier Gastronomie UG ( haftungsbeschrankt ),0
banner stop GmbH,0
Augusten felder Wasser kraft - GmbH,0
WS Industrie bedarf e . K .,0
AGRAVIS GUS Holding GmbH,0
Elektro haus Dietrich Haag GmbH,0
tohacris GmbH,0
CCM Verwaltungs GmbH,0
Rau Haus technik GmbH,0
Diakonische Einrichtungen der Evangelischen Frauen hilfe im Rheinland gGmbH,0
BREBUS Bremen Business Centers - und Beteiligungs KG,0
WHAANAU Veranstaltung technik GmbH,0
"Haus verwaltung Stern , Inhaber Frank Bauer e . K .",0
Berolina Bau service - Tiefbau und Landschaft bau GmbH,0
GSA GmbH & Co . Immobilien Verwaltungs KG,0
Neuhauser Berlin Immobilien GmbH & Co . KG,0
Schutzen haus Stadtroda Betriebs gesellschaft UG ( haftungsbeschrankt ),0
Netz giganten - IT Solutions GmbH,0
Michael Loffel holz GmbH,0
Elite - Gewerbe park GmbH,0
Drebber Burger wind park GmbH & Co . KG,0
IVS Direct Mail Service + Druckerei Abele GmbH,0
EPG GmbH Planung buro fur Elektro - und Gebaude technik,0
Widmann & Bauerle GmbH,0
JRH Jurgen Ronald Hill e . K .,0
F + A Haus bau GmbH,0
Ulrich Schumacher & Co . GmbH,0
ProDialog GmbH,0
Hans Bohne Waren haus KG,0
Hager International GmbH,0
bc - technology GmbH,0
HSD Industrie belage GmbH,0
connected 2 000 Gesellschaft fur digitale Medien mbH,0
ad - cetera Werbe agentur Dussel dorf GmbH & Co . KG,0
Casetta - Mode boutique Renate Hass mann,0
Roth Steuerung technik GmbH,0
"Dipl . - Ing . Harald Ranft Gesellschaft von Architekten mbH , Berlin",0
DOMDECADE UG ( haftungsbeschrankt ),0
John Sisk & Son GmbH,0
CMZ Germany GmbH,0
Damazyn Internationale Transporte GmbH,0
M . G Lifetime GmbH,0
Beziehung dinge UG ( haftungsbeschrankt ),0
HKI Immobilien GmbH & Co . KG,0
Krieg Consult med GmbH & Co . KG,0
Raiffeisen Verwaltung gesellschaft Aschaffenburg mbH .,0
YourMakler GmbH & Co . Verkauf und Vermietung von Immobilien KG,0
bethinki UG ( haftungsbeschrankt ),0
Kanga Autofairmietung UG ( haftungsbeschrankt ),0
Schlachthof - Torgau - GmbH Gesellschaft mit beschrankter Haftung,0
Hanke Pruf technik Gesellschaft fur Prufstand und Automatisierung technik mbH,0
HB Recycling GmbH,0
Berg hof Holding GmbH & Co . KG,0
INFORMA Verwaltung gesellschaft mbH,0
Wohnungs - Genossenschaft Koln 1 8 9 6 eG,0
TONBELLER Info ware GmbH,0
Gast haus Bund GmbH,0
Ferdinand Lusch GmbH & Co . KG,0
4 HPL Management GmbH,0
SHS Sudharzer Service gesellschaft mbH,0
WMCD Gesellschaft fur Handel & Projekt entwicklung mbH,0
Il vecchio tribunale Ristorante GmbH,0
Kanitz Sanitar und Heizungs GmbH,0
v . T . Luft technik GmbH,0
Projekt gesellschaft Borgmannstrasse 1 6 mbH,0
Drachen fels see 9 6 2 . V V GmbH,0
Binz Verwaltungs - GmbH,0
Scarpato GmbH,0
BLITZ Internet GmbH,0
Bridget Bell - Country Style e . K .,0
Diener automation Verwaltungs - GmbH,0
Steiner ( Deutschland ) GmbH,0
Kayser Landschaft bau GmbH,0
Erste Maxxtec Projekt GmbH & Co . KG,0
Salux Netzwerk GmbH,0
Restaurant La Gamba Conrado Canet Salgado und Co . Gastronomie - und Handels gesellschaft KG,0
KKP Haus verwaltung GmbH,0
Ebitsch Solar Verwaltungs UG ( haftungsbeschrankt ),0
FOLIEN PRINT RAKO GmbH,0
D & W Kies - und Sand abbau GmbH,0
ATV Ausbildung zentrum fur Transport u . Verkehrs wesen - GmbH,0
SvK internationales kaufmannisches Projekt management GmbH,0
Euro - Cities Aktien gesellschaft,0
Veni Unternehmens beratung GmbH,0
B . L . E . Immobilien UG ( haftungsbeschrankt ),0
RStores GmbH,0
amily GmbH,0
Pokorny Bedachungs GmbH,0
DNA Tours GmbH,0
Hamacher Projekt - Entwicklung gesellschaft mbH,0
Auto service Becker e . K .,0
SUNTANA Sonnen studio OHG,0
Artos elektrotechnische Grosshandels Gesellschaft mit beschrankter Haftung,0
Abfall wirtschaft Nordharz GmbH,0
H . M . Logistik UG ( haftungsbeschrankt ),0
Controlution GmbH,0
Tier produktion Haffkuste GmbH,0
en . regio wind GmbH,0
Boger Verwaltungs - GmbH,0
Gesellschaft fur Verbraucher informationen mbH .,0
CONCEPT HOME BOYER UG ( haftungsbeschrankt ),0
SM SACHSEN MOTOR GmbH,0
EDITION TONGER GmbH,0
thermik sensor technics GmbH,0
Funk Dauble AG,0
MotheR Verwaltungs - GmbH,0
ESK Einrichtung Service Kitzrow GmbH,0
Xaver Scheingruber und Partner GmbH,0
pharma : med Solutions GmbH,0
ML 55 Trust Verwaltungs GmbH,0
AudioVideum e . K .,0
Olympia Spiel automaten verwaltung gesellschaft mbH,0
Drachsler Immobilien UG ( haftungsbeschrankt ) & Co . KG,0
GUMA Gesellschaft fur Unternehmens marketing mbH,0
GKB Bau - Management Perle berg GmbH,0
FC Schalke 0 4 Arena Management GmbH,0
"Andreas Heckelmann Garten - , Tief - und Landschaft bau / Pflaster hand werks betrieb e . K .",0
Michael Wolf oHG,0
cor 3 6 . GmbH & Co . KG,0
REDINET Burgen land GmbH,0
SHS - Stapler - Handels - und Service GmbH,0
Martin Gans GmbH,0
VTplus GmbH,0
Huhtamaki Achte Beteiligungs GmbH,0
Hungener Kase scheune GmbH,0
ANTAN RECONA GmbH & Co . 4 . Vermogens verwaltung KG,0
NEW LINE Brand Communication GmbH,0
Brando Verwaltungs GmbH,0
Kaddy Services & More Inhaber Michael Bar wald e . K .,0
Intertitle Films GmbH,0
Wippertus - Bau service Kolleda GmbH,0
Ost 2 rad Verwaltungs GmbH,0
Die Druckwerker GmbH,0
 Gaststatte Zur Linde  Inhaber Mandy Kohler e . K .,0
Losse Verwaltungs GmbH,0
Medien technik B & H GmbH,0
Janitzki Consult UG ( haftungsbeschrankt ),0
Weizen feld Grundstucks gesellschaft mbH,0
Dr . Franzen Grundstucks verwaltung GmbH,0
Wind power Pilsach 4 GmbH & Co . KG,0
Sixth Sense GmbH,0
CFC INFORMATION TECHNOLOGIES DEUTSCHLAND GmbH,0
Sol - Invest Bar GmbH,0
Pamatec Honnige Papier maschinen technik GmbH,0
Korrosions - und Bau schutz Heinrich Schmid Verwaltungs - GmbH,0
Bau - Buro 2 4 Unternehmer gesellschaft ( haftungsbeschrankt ),0
SGV GmbH,0
UNI GmbH & Co . KG Betriebs gesellschaft Korner,0
Jakob Schlimbach GmbH & Co . KG,0
Orthopadie - Schuh technik Empor Laube gast OHG,0
nidsa . net GmbH,0
DPV GmbH,0
smartSKIN GERMANY UG ( haftungsbeschrankt ),0
NOSCO Grundstucks - Vermietung gesellschaft mbH & Co . Objekt Alzey KG,0
DLC Oschersleben GmbH,0
CardConcept Plus UG ( haftungsbeschrankt ),0
"HUMARES GmbH Forschung , Entwicklung , Herstellung und Vertrieb Elektronisch - medizinischer Gerate",0
ALBA Nord GmbH,0
"Credo UG ( haftungsbeschrankt ) Marketing , Logistics & Consulting Company",0
Depolt Immobilien Verwaltung gesellschaft mbH,0
GMH Kran technik GmbH,0
DTH Delphi Trading House GmbH,0
DBG Druckerei - Betriebs - GmbH,0
C & W Vermogens beteiligung KG,0
Bio energie Schwinge Verwaltungs GmbH,0
Pusch Wahlig Legal Partnerschaft von Rechts anwalten,0
Gent . e . K .,0
FABIUS Privatarztliches Abrechnung institut GmbH,0
HL Mitarbeiter - Beteiligung gesellschaft mbH,0
ATEC Personal dienst leistungen GmbH,0
Becker & Karsten UG ( haftungsbeschrankt ),0
Ambulante Krankenpflege und Haus pflege Gatz und Zippel GmbH,0
Stil & Kamm GmbH,0
Feld mann Verwaltung gesellschaft mbH,0
Deutscher Notar verlag Geschafts fuhrung - GmbH - Fach verlag fur Notare,0
A . T . U Auto - Teile - Unger Zweite Handels UG ( haftungsbeschrankt ),0
Vacura GmbH,0
Holz Kemper GmbH & Co . KG,0
FLEX Fonds Objekt gesellschaft Braunsbedra KG,0
industria herbarum Gesellschaft fur Umwelt technologien UG ( haftungsbeschrankt ),0
Frauenrath Bau GmbH & Co . KG,0
INKO Verwaltungs GmbH,0
Manoa Ventures GmbH,0
H & H Personal dienst GmbH,0
Montage - Service - Navratil GmbH,0
Konradin IT - Verlag GmbH,0
LoGeTec Chemie & Technik e . K .,0
BWG Burger wind park Gross beeren GmbH,0
Siebte SUDEWO Verwaltungs GmbH,0
Warburg Pincus Deutschland GmbH,0
HUSKELAPP Vermogens verwaltung gesellschaft mbH,0
VON SCHRADER Reinigung maschinen Gesellschaft mbH,0
MoneVita GmbH,0
"Contreu Unternehmens beratung gesellschaft mbH , Wirtschaft prufung gesellschaft",0
ARTIC GmbH,0
EuroSoft System haus GmbH,0
Markt - Apotheke Inhaberin Doris Mostofizadeh - Haghighi e . Kfm .,0
Rettinger GmbH,0
BAUSEN GmbH,0
Physiotherapie Gemeinschaft praxis Kolbe & Eyermann Partnerschaft,0
Wohnung unternehmen Nurnberg - Ost e . G .,0
Hoppe + Rohrl GmbH & Co . Kommanditgesellschaft,0
Wunder kind Communication GmbH & Co . KG .,0
ZAHNMANUFACTUR GESCHAFTS FUHRUNG GMBH,0
evonos Verwaltungs GmbH,0
J . Knittel Sohne Beteiligung gesellschaft mbH & Co . KG,0
Moll strasse 3 1 Immobilien GmbH,0
Equip - Eventlogistik und Grossbestuhlungen GmbH,0
Star gas Deutschland KG,0
AST RUM IT GmbH,0
Rene Garraud ( Deutschland ) GmbH,0
Danish Taxen betrieb e . K .,0
AS Abwicklung gesellschaft mbH,0
Egonamics GmbH,0
REMS - WERK Christian Foll und Sohne GmbH,0
AMykor GmbH,0
Cremer Transporte GmbH & Co . KG,0
CM UG ( haftungsbeschrankt ),0
Exxito Holding GmbH,0
Spedition Hart mann GmbH & Co . KG,0
ABC Kranken fahrten Herford GmbH,0
MEKY GmbH & Co . KG,0
Akademie fur Handel und Logistik GmbH,0
AppLads Solutions GmbH,0
Bestattung haus B . Luckow GmbH,0
Schafer Einrichtung systeme Ltd . & Co KG,0
Autenrieth Beteiligungs GmbH,0
Menzel & Krause Verwaltungs - GmbH,0
pulsavis GmbH,0
PA Consulting Group GmbH,0
Garten - und Landschaft bau Bullerjahn + Kunze GmbH,0
Reiner Weigand Fuhrbetrieb und Bau stoff handel e . K .,0
IT - aid GmbH,0
Bio energie Holte GmbH & Co . KG,0
Baranek GmbH,0
Basalt - und Beton werk Eltersberg Verwaltung gesellschaft mbH,0
"Wochen post Verlag GmbH , Berlin",0
Prinz - Carl Vertriebs GmbH,0
Auto haus Hartung Inh . Udo Hartung e . K,0
Sauer bruch Hut ton General planung gesellschaft mbH,0
ELEKTROTECHNISCHE PLANUNG SPITZKE GmbH ( EPS ),0
Picco Bello Service Plus KG,0
Cardpoint GmbH,0
SHG SAKRESIV Hanau GmbH,0
Immo - Mediar KG,0
Gusto Management GmbH,0
BPG - Bau Plan Gesellschaft REAKON GmbH,0
CONVENIO Grund besitz Verwaltungs - GmbH,0
Yixue Deutschland GmbH,0
WF Bau GmbH,0
Profos AG,0
Seidlitz Heizung bau und Sanitar GmbH,0
Prox - Vertriebs GmbH,0
MBV Vermietung gesellschaft mbH,0
GTSP Verwaltungs GmbH,0
Progenda Vertriebs - und Beratungs - UG ( haftungsbeschrankt ),0
RMH Verlags GmbH,0
fashion kiss Mode vertriebs GmbH,0
SBO Service Unternehmer gesellschaft ( haftungsbeschrankt ),0
"ELMO Wolfs burg , Poststr . 6 GmbH",0
nkt Immobilien Verwaltung GmbH,0
EURECA Messtechnik GmbH,0
NAF Industrie montage GmbH,0
Ferd . Braselmann GmbH u . Co . KG Gesenkschmiede,0
Seibel Gesellschaft mit beschrankter Haftung,0
GOP Gastronomie gesellschaft Geschafts fuhrung - GmbH,0
Fortuna Immobilien GmbH,0
Forst haus Auerhahn GmbH,0
BTH Nord OHG,0
Buro service 2 4 UG ( haftungsbeschrankt ),0
biodentis GmbH,0
Pedisanus GmbH,0
Dr . Kuhner GmbH,0
Personal team Rhein - Ruhr GmbH,0
Hotel Hohenlohe Besitz GmbH & Co . KG,0
Reiter Fliesen Stein GmbH,0
ALLBEG GmbH,0
Goliath Show & Promotion Gesellschaft mit beschrankter Haftung,0
Hoven Kabel Verwaltungs - GmbH,0
HMA Splietker Immobilien GmbH & Co . KG,0
NevaDATA GmbH,0
Christoffers Onshore and Subsea GmbH,0
J . R . Malerwerkstaette Limited & Co . KG Zweig niederlassung Deutschland,0
Kindler Beteiligungs GmbH,0
Dipl . - Ing . R . Zwilling Ingenieur buro fur Bau wesen GmbH,0
#NAME?,0
TRANSEUROPA LOGISTIK UG ( haftungsbeschrankt ),0
edukativ direkt GmbH,0
Merschbrock V & P Vertrieb und Projektierung GmbH,0
LRS Vermogens verwaltung gesellschaft mbH,0
Frank Loffler - Elektro - Loffler e . K .,0
Wein mann Haus verwaltung GmbH,0
Sankopie Zeitz Werner Buschner KG .,0
Mittel stands wissen Services GmbH,0
SPARK Werbe agentur GmbH,0
DSG Dohmen Auto handels gesellschaft mbH,0
mirecs Technologie partner GmbH,0
texsport e . K .,0
diges - Gesellschaft fur Wohnung wirtschaft und Stadt forschung mbH,0
Zazem Cologne UG ( haftungsbeschrankt ),0
Clibss UG ( haftungsbeschrankt ),0
Die liefer BAR GmbH,0
Wachendorff Automation GmbH & Co KG,0
Isar Getriebe technik KG,0
Klaus Wangen Design GmbH,0
Faktor zwei Computer + Systeme GmbH,0
Holz werk Dahlen Beteiligungs - GmbH,0
STAR - BAG GmbH,0
Kruno Simovic UG ( haftungsbeschrankt ),0
IMEX SUD AMERIKA e . K .,0
Zentra - Bau trager gesellschaft mbH,0
ZDF Werbe fernsehen GmbH,0
Bio gas Behrenhoff Verwaltungs - GmbH,0
MFEH Capital UG ( haftungsbeschrankt ),0
BAUEXPERTS Sachverstandigen gesellschaft mbH,0
Bekor Musik verlag OHG,0
BTS Scholz UG ( haftungsbeschrankt ),0
Appel GmbH,0
FAIRCUT cutting solutions GmbH & Co . KG,0
Bassil Group GmbH & Co . KG,0
B . Lu GmbH,0
Outdoorwelt GmbH,0
Ludwigsfelder Logistik GmbH,0
Heinrichshohe GmbH,0
tropextrakt GmbH,0
Andreas Carstens Gesellschaft mit beschrankter Haftung,0
RS Grundstucks verwaltung - und Beteiligung gesellschaft mbH,0
Croma Handel & Vertriebs GmbH,0
Cocoon Fitness Club GmbH,0
Perkey Internet dienstleistung UG ( haftungsbeschrankt ),0
Kraftfahrzeug - Service - Center GmbH,0
Pegasus Rendite Solar park Sachsen GmbH & Co . KG,0
DSH Dentale System - und Handels GmbH,0
Deutsche Gesellschaft fur Vorsorge mbH,0
RAILROAD TRACKS GmbH,0
Wilhelm & Wiczynski Elektro installation GmbH,0
RMH Management Consulting GmbH,0
FINANZ - KONZEPT Makler - Gesellschaft m . b . H,0
Elbe - Trans Verwaltungs GmbH,0
Erlebnis welt Renaissance Projekt entwicklung GmbH,0
Bernd Habben Verwaltung von Wohnung eigentum e . K .,0
Porsche Financial Services Verwaltung gesellschaft mbH,0
Popp & Kloos Immobilien gesellschaft mit beschrankter Haftung,0
Neckar - Apotheke Apothekerin S . Arndt - Sitter e . K .,0
trends @ trades Verlags GmbH,0
Reifen dienst & Auto service Siptroth GmbH,0
Milch hof Meetzen KG,0
Karl Seelbach GmbH & Co . KG,0
Poller Steinbruche Verwaltung gesellschaft mit beschrankter Haftung,0
HH Grundstucks - Vermietung gesellschaft mbH,0
TEACH TECH Teachware Technology GmbH Computergestutzte Lern systeme,0
Vereinigte Fach verlage GmbH,0
Eisen blatter GmbH & Co . KG i . L .,0
M 2 9 Immobilien management UG ( haftungsbeschrankt ) & Co . KG,0
BBTec Industrie technik Vertrieb GmbH,0
PWSC Professor Steffen Consulting GmbH,0
Sofis GmbH & Co . KG,0
Elomech Elektro anlagen GmbH,0
Ullrich GmbH & Co . KG,0
Wein labor Edith Kessler GmbH,0
Erich Haas Feuer losch bedarf,0
GFP Dialog Gesellschaft fur Produkinformation mbH,0
"Wehre tal Apotheke , Inhaberin Elisabeth Schmidt e . Kfr",0
Reichel Service GmbH,0
"Heptig Land maschinen e . K . , Inh . Ewald Heptig",0
Turme Unlimited UG ( haftungsbeschrankt ),0
Kontor gruppe Verwaltungs - GmbH,0
NENAG oHG,0
Wurttembergische Immobilien Aktien gesellschaft,0
Air Berlin Funfte Flugzeug GmbH,0
Joseph Angcaya e . K,0
St . Mauritius - Apotheke Stephan Muller e . K .,0
NKG Grundstucks GmbH & Co . Schillerpromenade 3 6 KG,0
Alt haus Draht form technik GmbH,0
Richter Trade & Invest GmbH,0
BBK UG ( haftungsbeschrankt ),0
Drei zehnte Topos Vermogens verwaltung gesellschaft mbH,0
Felder Industrie technik GmbH,0
WKS Werkzeug fabrik Karl Scharfenberg GmbH & Co . KG,0
PIV - Projekt management Immobilien Verwaltung Rene Eichner e . Kfm,0
Schoner Reisen GmbH Reise buro,0
MHM Verwaltungs - GmbH,0
FJL UG ( haftungsbeschrankt ),0
Landwirtschaft betrieb Kruth KG,0
BabyGO Baby Products GmbH,0
AML - Dienst leistungen GmbH,0
Jepson Power GmbH,0
ORGA Systems Holding GmbH,0
Service mann Service & Vertriebs GmbH & Co . KG,0
STRUCTURA Planung + Vertrieb von Bau konstruktionen GmbH,0
DRSRE Verwaltung gesellschaft mbH,0
apo - rot GmbH,0
Frings Polster mobel GmbH,0
PlaSil GmbH & Co KG,0
AA Niebull - Immobilien GmbH & Co . KG,0
mertus 1 9 6 . GmbH,0
A . Markovski GmbH,0
Angel gerate Wilkerling GmbH & Co . KG,0
C U GmbH,0
REITZKLIMA e . K .,0
HELIOS Park - Klinikum Leipzig GmbH,0
Christborn GmbH,0
"AVB , Arbeit kreis Versicherungen und Finanz - Beratung - Assekuranz kontor - GmbH",0
Bruschke - Versicherung buro - GmbH,0
KGS Service GmbH & Co KG,0
PROMINT / Dienstleistung gruppe Neuruppin GmbH,0
Dein Brief UG ( haftungsbeschrankt ),0
"DBO - Bottcher Beton - , Bohr - & Sage arbeiten GmbH",0
Bernhard Freitag Sanitar - und Heizung bau GmbH,0
Arzte haus Rudolf Virchow Arzt praxen Gesellschaft mbH & Co KG,0
regiodirect GmbH,0
Ingenieur buro Gaal + Gaal GmbH,0
Automation - Consult Verwaltungs - GmbH,0
NUCLEUS Entertainment GmbH,0
Fahrschule Mayr GmbH,0
"DIVA Deutsche Immobilien , Verwaltungs - und Anlage gesellschaft mbH",0
Charmy - Brandmeyer GmbH,0
THR XXVIII Hotel - Betriebs - und Beteiligung gesellschaft mbH,0
Babylonstoren GmbH,0
"Progranus Land wirtschaft KG Flohr , Garben - Mogwitz , Kohler , von Rossing",0
Regenerative Energie werke Vorier Berg Erste GmbH & Co . KG,0
Skylane GmbH,0
Verlags gesellschaft Unser Wald mit beschrankter Haftung,0
BBZ Berufs bildung zentrum Fulda GmbH,0
Schlee GmbH & Co . Management KG,0
ARC Aktien Research & Consulting GmbH,0
A . L . M . Europaische Freizeit akademie GmbH,0
GRR Portfolio VIERUNDZWANZIG GmbH & Co . KG,0
IFMO - Institut fur Management - und Organisation beratung GmbH,0
Press & Tobacco Store GmbH,0
Annette Huhn Versicherung vermittlung GmbH,0
Eickhoff Beteiligungs - GmbH,0
StoREgio GmbH,0
juwi Wind energie GmbH & Co . S + S III KG,0
Karl - Heinz Schmidt & Co . oHG,0
Kovac Verwaltungs GmbH,0
ZALON BAU UG ( haftungsbeschrankt ),0
Tongariro Consulting GmbH,0
"Apotheke in Lipperreihe , Inhaberin Apothekerin Claudia Witte e . K .",0
Energie zentrale Universitat klinikum Giessen GmbH,0
Helmut Heske GmbH,0
EEA - Dr . Schaffler Germany GmbH,0
BALTIC STEIN UG ( haftungsbeschrankt ),0
IT Consult + Service Limited,0
Credopard GmbH,0
Bayern land GmbH,0
Hubert Vermietungen GmbH & Co . KG,0
Holz apfel Coating Westerburg GmbH,0
"Schlenker Verwaltungs - GmbH , Rathenow",0
Horgerate studio Czmok Gesellschaft mit beschrankter Haftung,0
Roth Bier Logistik GmbH,0
TRANSMARKETING Verkaufs forderung Verwaltung GmbH,0
Schafer Druck & Verlag GmbH,0
DELTEC Holding GmbH,0
Braunmuhl Immobilien GmbH & Co . KG,0
Spinell Grundstucks verwaltung gesellschaft mbH,0
AC Grund besitz verwaltung gesellschaft m . b . H .,0
Philiacare - House Vermietungs - und Immobilien gesellschaft mbH,0
Reise dienst Parchim GmbH,0
Konigs hutte Industrie denkmal UG ( haftungsbeschrankt ),0
Sum GmbH,0
Spiel waren Steibert e . K .,0
GEROH Verwaltungs - GmbH,0
Music - Academy Frankfurt GmbH,0
Leicht bau - Zentrum Sachsen GmbH,0
A + E GmbH,0
HTK GmbH Handel u . Transport logistik fur innovative Konzepte,0
AKBO Fuss boden technik GmbH,0
Sorens Kauf lust GmbH & Co . KG,0
Tuning - Fred Handels gesellschaft m . b . H .,0
Sanistance Kranken - und Pflege service GmbH,0
Benz Haushalts waren e . K .,0
Sinotrans Air Transportation GmbH,0
AB - Motowear GmbH,0
RS Energie & Handel GmbH,0
Fest werk GmbH,0
P + S Pulver beschichtung - u . Staub filter anlagen GmbH,0
Bergedorfer Schornsteinfeger GJ GmbH,0
J . J . Verwaltung agentur GmbH,0
IngDoc BSystems GmbH,0
Agentur Seidel GmbH International Eventmanagement und Marketing,0
Kalla Grundstucks verwaltung gesellschaft mbH,0
Burg Weg berg Catering GmbH,0
PHR Pro - Histo - Race GmbH,0
Auto verwertung Berg GmbH,0
Horst Kloppner Inh . Frieda Kloppner e . Kfr . Abbruch unternehmen Industrie - Abwrack - Betrieb,0
Seiler Bauspenglerei GmbH,0
Auktion haus an der Ruhr GmbH,0
TEG - Shop UG ( haftungsbeschrankt ),0
Angel zentrum Zielow GmbH,0
PMO Buro service GmbH,0
J . Petschko Verwaltungs GmbH,0
KUK Verwaltungs - GmbH,0
Grassl Grund besitz GmbH,0
BRV Bau stoff - Recycling und Vertriebs GmbH,0
Experts - Go - Europe GmbH,0
Weber Ingenieur - Buro fur Stein technik Gesellschaft mit beschrankter Haftung,0
Bau leitung - Service Limited,0
C . D . Walzholz - Kern - Liebers GmbH,0
EHF Gesellschaft fur General planung + Bau management mbH,0
Namdar Cankaya Electronics GmbH,0
Zippel AG,0
Deratech GmbH,0
Alamond GmbH,0
emvConsult Beratung und Management GmbH,0
MoMa 1 . Beteiligung gesellschaft mbH,0
System technik Mannheim Pult - und Schrank technik GmbH,0
Versicherung makler Klukas - ConCent GmbH,0
Platin 99 7 . GmbH,0
Machold Management UG ( haftungsbeschrankt ) & Co . KG .,0
Vollmer & Scheffczyk GmbH,0
Dogan IT GmbH,0
Maler Hamacher GmbH,0
Yaoti GmbH,0
Fleisch mann Franz e . Kfm,0
GRAUTHOFF Holding GmbH,0
Gympanzee GmbH,0
ConDie - Container dienst Gesellschaft mit beschrankter Haftung,0
Rehcing GmbH,0
Sellnick Vermogens verwaltung GmbH & Co . KG,0
think & solve consulting - services GmbH,0
Eifelmetall - Gesellschaft mit beschrankter Haftung,0
Elektro Consult Wald heim GmbH,0
inITova GmbH,0
City - Appartements Wenden strasse - Braunschweig - GmbH & Co . KG,0
JK OHG,0
Kuhn Geoconsulting GmbH,0
"G . A . S . - global art space , gemeinnutzige Unternehmer gesellschaft ( haftungsbeschrankt )",0
OMNIBAU GmbH,0
HATREI GmbH & Co . KG,0
Stadt haus Gesellschaft fur privaten Wohnung bau mbH,0
Grundstuck Forster GmbH & Co . KG,0
M . D . K . Gebaude technik GmbH,0
Ready Beton technik GmbH,0
Mobel Neuhaus GmbH,0
Elektro anlagen M & W GmbH Zwickau,0
Bender & Staus berg GmbH,0
Mess - Regel - Klima technik Franken GmbH,0
Wohnungs - Verwaltungs - und Eigentums gesellschaft Carpin mbH,0
HBP Verwaltung gesellschaft mbH,0
PORTALEUM Haustierkrematorium GmbH Berlin,0
VIRTUMA UG ( haftungsbeschrankt ),0
SafeGuard GmbH,0
Credicom GmbH,0
PKD UG ( haftungsbeschrankt ),0
Erfttal - Backer Back - und Vertriebs GmbH,0
CVT Veranstaltung technik GmbH,0
ASPrit Solutions Verwaltungs - GmbH,0
RSP Gebaude management GmbH,0
Lessmann GmbH,0
Augsburger Rolladen GmbH Hermann Topf,0
Rizk GmbH,0
SolAr Bis Z GmbH,0
DSB Security GmbH,0
EntsorgungsgeselIschaft Sachsen - Anhalt Sud mbH ( EG SAS ),0
PRO - Konstrukt - Bau GmbH,0
CC Computer - Studio GmbH,0
DANEL am Markt GmbH,0
Auto haus Kopper Borkener Strasse GmbH,0
AMS - Edelstahl rohr leitung bau - GmbH,0
Lewin GmbH & Co . Kirch gasse 2 KG,0
Forst betrieb Schmidbauer GmbH & Co . KG,0
F . Bruckmann Munchen Holding GmbH,0
apoplan GmbH,0
CMS Besitz GmbH & Co . KG,0
TELE MACHER Verwaltungs GmbH,0
Profi Pack Verwaltungs - GmbH,0
PASO GmbH,0
Martin & Co . KG,0
Auto - Box - Dresden GmbH,0
Albrecht Gebruder & Co . Berlin GmbH,0
 LANDS HUT  Liegenschaften KG,0
Aridan Immobilien - Verwaltungs - GmbH & Co . Betriebs KG,0
Elbsee - Restaurant GmbH & Co . Betriebs KG,0
AGB Beratende Ingenieure fur Bau wesen GmbH,0
BVIK gGmbH,0
Buch handlung LESART GmbH,0
CO 2 - Plus GmbH & Co . KG,0
Regnitztaler Verlags UG ( haftungsbeschrankt ),0
Alexanderstrasse 3 / 3 A GmbH,0
SBW Winter garten Fenster Turen GmbH,0
Erb Verwaltungs GmbH,0
Agentur 4 2 k GmbH,0
Acta Immobilien - und Verwaltungs - GmbH,0
Werner Krell GmbH,0
Oranien - Apotheke Inhaber : Ekkehart Kaaker e . K,0
Becker - Prunte Dienst leistung GmbH,0
AS & SA Handels gesellschaft UG ( haftungsbeschrankt ),0
MS Private Equity GmbH,0
FLOTTMANN Sieb druck - Service GmbH .,0
Sebening & Sohn Haus verwaltungen GmbH & Co . KG,0
Jobe GmbH,0
Anton Horn Stuck unternehmen e . K .,0
CITY TAXI COLOGNE e . K,0
Locknitzer - Haus - Bau - Service - GmbH,0
Marien - Apotheke Karl - Heinrich Reimert e . K .,0
Allianz Capital Partners Verwaltungs GmbH,0
Baren - Apotheke am Karl - Marx - Platz Inhaberin Susanne Segebrecht,0
DISKUS Dreihundertzweiundsiebzigste Beteiligungs - und Verwaltungs - GmbH,0
Runkel Hochbau GmbH,0
CleanDevil GmbH,0
AHO Bau GmbH Plauen,0
Junge Chore Munchen gemeinnutzige GmbH,0
Juwel 1 9 3 . V V UG ( haftungsbeschrankt ) & Co . 9 1 . Verwaltungs KG,0
Dortmunder Hafen Aktien gesellschaft,0
STINAG Dresden GmbH,0
Tischler meister Michael Dohrs GmbH,0
attempto e . K . Krefeld,0
d . i . i . Deutsche Invest Immobilien 7 . Bestand GmbH,0
Abarcon GmbH,0
Seibel GmbH Spiel platz gerate Holz bau,0
PKI Immobilien verwaltung UG ( haftungsbeschrankt ),0
betex Handels gesellschaft fur Heimtextilien mbH,0
Muggelsee Residenzen See domizil I GmbH & Co . 1 . Immobilien beteiligung KG,0
Sanitar Leiter mann Service GmbH,0
G . C . Marl GmbH & Co . KG,0
IT . TEM GmbH,0
eCOUNT Technology GmbH,0
Macke Logistik GmbH,0
Kneisner Elektro planung UG,0
Lusatex GmbH & Co . KG,0
dercomputerladen SYSTEM HAUS GmbH,0
Praktiker DIY GmbH,0
Agro Data Unternehmens beteiligungen Verwaltung gesellschaft mbH,0
Winter berg Apotheke Henning Holz,0
Ibiomics GmbH,0
Realcoor Wohn bau GmbH & Co . KG,0
Schnell Auto motive e . K .,0
MEDICAL ALLIANCE SERVICES LIMITED,0
Haaga GmbH,0
HAYALVISION GmbH,0
RWA Immobilien GmbH & Co . KG,0
GG Concepts GmbH & Co . KG,0
Cliphor . se UG ( haftungsbeschrankt ),0
aloom GmbH & Co . KG,0
Gebr . Krings Grund besitz Verwaltungs - GmbH,0
True Food International Germany GmbH,0
IrmasWorld GmbH & Co . KG,0
AQIDOS Verwaltungs - und Beteiligungs - GmbH,0
A . u . K . Muller GmbH & Co KG .,0
TS Consulting UG ( haftungsbeschrankt ),0
AXA Entwicklungs - und Maschinen bau GmbH,0
Elbchaussee 4 0 1 - 4 0 3 Verwaltung gesellschaft mbH,0
Domotec Facility Management GmbH,0
Prenden Golf Service UG ( haftungsbeschrankt ),0
BSL Verwaltung gesellschaft Betriebs mittel Service Logistik mbH,0
SOLAR IMPORT - EXPORT LTD .,0
Campian Immobilien Verwaltungs GmbH,0
Hetsch - Transporte e . K . - Spedition und Lagerei,0
FRASSUR Entsorgung dienste GmbH,0
Young Fashion Eyewear GmbH,0
MAL Effekt - Technik GmbH,0
Rauch Verwaltung GmbH,0
Merian Grundstucks gesellschaft mbH,0
Alexpo Waren handels gesellschaft m . b . H .,0
RHS - Werbe mittel Rupp GmbH,0
Gesellschaft fur angewandte Geistes forschung mbH,0
August Feld mann GmbH,0
medBlue e . K .,0
Bestattungen Ohles e . K .,0
Freyersbacher Mineral quellen GmbH & Co . KG,0
Tapad Germany GmbH,0
PF Projekt entwicklung GmbH,0
StS Oberflachen behandlung GmbH,0
Werner und Frank Spiegel GmbH,0
VIP Mobile UG ( haftungsbeschrankt ),0
Lahntal Tourismus Service GmbH,0
Dr . Kalhoff - Business Information and Instruments e . K .,0
Medien Aktiv Service GmbH,0
Arenz und Spruhs Partnerschaft Steuer berater,0
IMN Immobilien Management Nord GmbH,0
Synora Invest Vermogens verwaltung GmbH & Co . KG,0
Sparrow Analytics GmbH,0
Thumm Technologie GmbH,0
Ellwanger Tor platz Verwaltung UG ( haftungsbeschrankt ),0
AW auto motive GmbH,0
AfU Investor Research GmbH,0
Versicherung buro Buck KG,0
Garten siedlung Giesensdorf e . G .,0
Merkle Finanz beratung GmbH,0
ATG Auto technik GmbH,0
Luxaviation Germany GmbH,0
ELA European Leadership Academy GmbH,0
VELOX Hoch - und Tiefbau GmbH,0
Destarol Investment GmbH,0
EEG Energie Expertise GmbH,0
Rotlein GmbH,0
Freddytel e . K .,0
Oberhavel Kliniken GmbH,0
FRV Versicherungs - Vermittlungs - GmbH,0
STUBE text & design UG ( haftungsbeschrankt ),0
bisDATO - Art UG ( haftungsbeschrankt ),0
EuRec Recycling Machines GmbH,0
ProjEn GmbH Project Engineers,0
ROLAND - SANITAT HAUS e . K . Inhaberin : Jutta Hirsch,0
Monika Meyer GmbH & Co . KG,0
BaWu Industrie entsorgung GmbH,0
UDE Training Holding gesellschaft mbH & Co . KG,0
"Plein und Braun , Verwaltungs - Gesellschaft mit beschrankter Haftung",0
Lindau Immobilien GmbH & Co KG,0
RAAK Wohn immobilien UG ( haftungsbeschrankt ),0
Burmeister Beteiligungs GmbH,0
TRUST System keramik GmbH,0
Alpha - ES Elektronik - Systeme e . K .,0
Drescher & Petrowski Beteiligungs - und Verwaltung gesellschaft mbH,0
BSB GmbH Bauen und Sanieren im Bestand,0
Walter Bommhardt Gesellschaft mit beschrankter Haftung,0
Mark wort Holding GmbH,0
"Mode fur Sie und Ihn , Frank Kruger , Wetzlar - Alt stadt",0
AWAG Fahnen und Fahnen masten Inh . Alois Wagner e . K .,0
Wind park ABF GmbH,0
Facere 1 . Grundstucks verwaltung gesellschaft mbH & Co . Vermietungs KG,0
DG Dresdner Grund besitz Beteiligungs GmbH,0
Techmopart GmbH,0
Fahrschule Leo Gostomzik UG ( haftungsbeschrankt ),0
oak media GmbH,0
Kenj Immobilien GmbH,0
TNT Media GmbH,0
Sonnen hotel Wolfs hof GmbH & Co . KG,0
Spree Druck Berlin GmbH,0
DT Projekte GmbH,0
Arts of Toyco Musik verlag oHG,0
WOC Invest 3 . 3 GmbH & Co . KG,0
Aschen bachs Apotheke e . K .,0
MABA Projekt GmbH & Co . KG,0
PM Projekt management GmbH Organisation entwicklung + Information technologie,0
sweetcups UG ( haftungsbeschrankt ),0
BIG Beauty Instruments GmbH,0
Maurer meister Denis Haase GmbH,0
Contrade Consulting & Services GmbH,0
LiDo Vermogens UG ( haftungsbeschrankt ),0
Nimet Verwaltungs GmbH,0
Alternativ Invest Return GmbH & Co . Strategy KG,0
Backerei Wolf GmbH,0
AK - Demir Bau GmbH,0
blue coast capital Beteiligung gesellschaft mbH,0
BESTA Eisen - u . Stahl handels gesellschaft mbH,0
BRAHLER ICS Konferenz technik International Congress Service Aktien gesellschaft,0
Elektro Wenzl GmbH,0
MaFo Service B . Ripperger e . Kfr .,0
SMA - Super - Markt - Anlage - Vermogens verwaltung - KG,0
AWA Produktions GmbH,0
Spieth & Wensky Verwaltungs - GmbH,0
Giannikis Gounaris GmbH & Co . KG,0
Cargobull Leasing - und Handels - GmbH,0
Listner Immobilien GmbH,0
AEB Grund Invest GmbH & Co . KG,0
Hellmich GmbH,0
Auto kontor Bayern GmbH,0
Horst Ziegen fuss GmbH,0
Vierundzwanzigste Gamma Trans Leasing Verwaltungs - GmbH & Co . Finanzierungs - Management KG,0
THG Germany GmbH,0
NORDCONSULT Unternehmens beratung GmbH,0
NPIXO GmbH & Co KG,0
Dohler Zerspanungstechnik GmbH,0
E - M Immobilien UG ( haftungsbeschrankt ) & Co . KG,0
Garten - und Landschaft bau H . - W . Barth Ingenieurges . mbH,0
Mauser Wal deck Aktien gesellschaft i . L .,0
Druck knopf GmbH & Co KG,0
DELTIE Consulting UG ( haftungsbeschrankt ),0
"Butzbacher Wohnung gesellschaft , Gesellschaft mit beschrankter Haftung",0
AStrahl GmbH,0
Holz logistik Meissner OHG,0
Reshet Beta GmbH,0
Spenglersan GmbH,0
Dirk Keck Verwaltungs GmbH,0
Schuhstyle Berlin GmbH,0
I - D - E Projekt gesellschaft mbH Informations - Daten - und Elektro technik,0
AGRAR DAMM GmbH,0
wwsmedia GmbH,0
CAESAREA Immobilien GmbH,0
Helmut Haas GmbH Industrie vertretungen,0
Burgel Potsdam GmbH,0
Dental - Labor Kroker GmbH,0
Brigitte Husemann GmbH & Co . KG,0
Info star Inh . Christovao Silva e . K,0
BIG Investment GmbH & Co . KG,0
RCF Verwaltungs GmbH,0
"Gmerek , Manthe , Walta Rechts anwalte in Partnerschaft",0
Gebruder Hannappel OHG,0
METON GmbH,0
GOEK LTD Niederlassung Deutschland,0
CORTINA Eis cafe GmbH,0
TGC Biomics GmbH,0
Stadtische Wasser - und Fernwarme versorgung Schwan dorf,0
Fahren kamp und Gartner Objekt Einbeck Verwaltungs GmbH,0
alt consulting Verwaltungs GmbH,0
Hinsemann Wohnungs GmbH,0
Metall bau Schilling GmbH,0
KWP Treuhand GmbH Steuer beratung gesellschaft,0
Niemz Geschafts fuhrung GmbH,0
Feld haus Transporte UG ( haftungsbeschrankt ),0
Element C GmbH,0
UGW Promotion GmbH,0
Schussler Verwaltungs GmbH,0
Solar park Auerbach GmbH & Co . KG,0
Gunther Assekuranz Consulting GmbH,0
BAL Verwaltungs UG ( haftungsbeschrankt ),0
Solventis Schuldner - und Insolvenz beratung UG ( haftungsbeschrankt ),0
Aliceparadies e . K .,0
GUP Gesellschaft fur Umwelt - Energie und Projekt management mbH,0
anvoplan GmbH,0
Activa Bau - Projektierung GmbH & Co . KG,0
Ulixes Roboter systeme GmbH,0
Howelpa Logistik GmbH,0
EIS - Zauberei Wolf gang Brasch e . K,0
four - quarters real value UG ( haftungsbeschrankt ),0
Dach - und Wand systeme Klein GmbH & Co . KG,0
IFBE Bildung zentrum gem . GmbH,0
bau Spezi - MB - Kauf GmbH,0
bo Production GmbH,0
B & B GmbH,0
Mode Muller GmbH,0
TVSC Treuhand - Verwaltung - Service - Consult GmbH,0
D - Edition Handels GmbH,0
Konig Glas bau Verwaltungs GmbH,0
NELO Vierte GmbH,0
SyGa Limited Niederlassung Magdeburg,0
Bio gas produktion Stavenhagen Verwaltungs - GmbH,0
Uli Biskoping e . K .,0
FFD First Friends Development GmbH,0
SSteuerberatungsgesellschaft mbH,0
E . W . O . Vertriebs GmbH,0
SCP Schulz UG ( haftungsbeschrankt ),0
Mediobanca S . p . A . Niederlassung Deutschland,0
"Wesona Werkzeug - , Sonder maschinen - und Anlagen bau GmbH",0
CADnetwork GmbH,0
MVM Transporte UG ( haftungsbeschrankt ),0
IAMO Immobilien und Objekt entwicklung GmbH,0
"Schwerdtfeger Sanitat haus und Orthopadie schuh technik , Inhaber Stefan Egel hof e . Kfm .",0
Technik ideen GmbH,0
ac telebusiness GmbH,0
"Tier heim betriebs gesellschaft Kall , gemeinnutzige UG ( haftungsbeschrankt )",0
KFP GmbH Konzept Finanz Plan,0
PRV Grundstucks gesellschaft mbH,0
Devcon Software GmbH,0
Kondor Wessels Beginenhof II GmbH,0
Kunst - & Bauschlosserei SCHMIDTKUNZ GmbH & Co . KG,0
Steuer kanzlei Kurpick Steuer beratung gesellschaft mbH,0
Ageto Holding AG,0
Immobiles - Gesellschaft fur Vertrieb und Verwaltung von Immobilien mbH,0
Ware mode GmbH,0
LA Verwaltungs - GmbH,0
Luis Foods GmbH,0
Burger wind park Kehdingbruch GmbH & Co . KG,0
Riviera Flowers Handels gesellschaft mbH,0
Stella Frisia GmbH & Co . KG,0
Pulger Spedition GmbH,0
EM - Metall GmbH & Co . KG,0
J . B . Hauser Verwaltungs - GmbH,0
easy - WebTalk KG,0
Asia Gastro Cuisine und Handel GmbH,0
Upper East Side e . K,0
KURON KG,0
Auto haus YVEL Dussel dorf Verwaltung GmbH,0
Solide Mobile GmbH,0
cinesto Ltd . & Co KG,0
Klar Verwaltungs - GmbH,0
I . V . Grund besitz verwaltung GmbH,0
CMI GmbH,0
Cologne Event Service Susanne Schirmann e . K .,0
HUG GmbH Internationale Vertriebs agentur,0
Giele GmbH,0
Vos Solar Energy I GmbH,0
real kapital KGaA,0
Stoppler GmbH,0
Holtmann GmbH,0
Petri - Fuchs Trucking GmbH,0
FRAST Beteiligung gesellschaft mbH,0
BGM Trading GmbH,0
HELIOS Therapie Mitte - Nord GmbH,0
Versicherung makler Huissmann GmbH,0
M . A . D . Marketing - Advertising - Design Kommunikation gesellschaft mbH,0
Thomas Furch GmbH,0
p - faktor e . K .,0
Landwirtschaftliche Erzeuger gemeinschaft eG Berge,0
Hans Wolbring GmbH Keramische Farben,0
SVG Beratungs - und Schulung gesellschaft mbH,0
Auto haus Stein GmbH,0
M . + H . Schafer Ilsfeld GmbH,0
Werner Kopper Gesellschaft mit beschrankter Haftung,0
J . - P . Gabriel GmbH,0
A . Becker Consulting GmbH,0
DKS GmbH,0
Kowal Immobilien GmbH & Co . KG,0
Auto haus Ohl e . K,0
BorMaLa - Technik handel und - service GmbH,0
EFT Excellent Food Trading GmbH,0
"Lippmann & Lippmann Partnerschaft gesellschaft , beratende Betriebs wirte",0
CORITEL GmbH,0
AK business services GmbH,0
LIBAU - Harzer Bau - und Sanierungs GmbH,0
PreWe Industrie wartung - und Dienst leistung GmbH,0
mileworks auto motive systems GmbH,0
BSU Verwaltungs - GmbH,0
AMS Verwaltung gesellschaft mbH,0
Rosen Verwaltung GmbH,0
Faltenbacher GmbH,0
ImmoMB UG ( haftungsbeschrankt ),0
Fliesen fach geschaft Gerhard Dehm GmbH,0
H & E Hochbau planung & Elektro installationen UG ( haftungsbeschrankt ),0
Deutscher Arzte - Verlag Gesellschaft mit beschrankter Haftung,0
Raduga International UG ( haftungsbeschrankt ),0
A . S . A . Sicheneder Elektro anlagen GmbH,0
Auto haus AS e . K .,0
AVIAL Bau trager GmbH & Co . Metzer Strasse 1 6 Grundstucks KG,0
Kreutzer Industrie montage GmbH,0
Techno - Service Zeit arbeit GmbH,0
SHL STEUER BERATUNG GESELLSCHAFT MBH,0
Janz Verwaltungs GmbH,0
Frankonia GmbH Glas - u . Gebaude reinigung,0
Auto service und Abschleppdienst Liebstedt OHG,0
Lowen backer GmbH,0
Kastrup Recycling Verwaltungs GmbH,0
ALDOS - A Verwaltungs - GmbH,0
CAS Equity GmbH,0
Airport Race GmbH,0
Wilkes GmbH,0
RT Real Estate GmbH,0
1 . Verwaltung . Innovation . Grundstucks wesen - VIG Immo Grundstucks verwaltung GmbH & Co . KG,0
STIC GmbH,0
Auto center Plauen Sud GmbH,0
MH Bechtle Verwaltungs - GmbH,0
Georg Schmerler Schutz brillen u .. optische Fabrik GmbH & Co . KG,0
GreenWay GmbH,0
Pflege dienst Annekatrin Kruger e . K .,0
Cheese 4 me GmbH,0
BUSCH Armaturen Nurnberg GmbH,0
EPIKEROS PR - PORTAL LIMITED,0
Korn bauern GmbH,0
BSB - Kuvert GmbH & Co . KG,0
Elite Schweiss technik Gesellschaft mit beschrankter Haftung,0
Alber Treppen systeme GmbH,0
AVZ Media UG ( haftungsbeschrankt ),0
SWI UG ( haftungsbeschrankt ) schoner wohnen Immobilien service,0
Bandner Consulting e . K .,0
Thorwesten Immobilien Gesellschaft mit beschrankter Haftung,0
DaMaVe GmbH & Co . KG,0
Anton Stanglmayr GmbH,0
WiLas Verwaltungs UG ( haftungsbeschrankt ),0
Besselmann Services Verwaltungs GmbH,0
THEODORUM Liegenschaften GmbH & Co . KG,0
HAWOK Handels - und Beteiligung gesellschaft m . b . H .,0
Grow Grund besitz GmbH,0
R . u . W . Gross + Co . GmbH,0
L . Q . M Markt forschung GmbH,0
IBC Solar fonds 2 00 9 GmbH & Co KG,0
Auto - Kraus Grund besitz GmbH & Co . KG,0
Stanztechnik Thewalt GmbH,0
Rotomors GmbH,0
step 2 step Personal service GmbH,0
Franz Herb GmbH & Co . KG,0
Fachpublika Wehner GmbH,0
AP Industrie bau Gmbh,0
Sun Energy Power GmbH,0
Zeitung am Samstag Verlags GmbH,0
B & S Vermogens verwaltung GmbH,0
NORMA 2 4 Online - Shop GmbH & Co . KG,0
RANDACK Schraub - u . Spann elemente GmbH,0
Auer Grund besitz verwaltung KG,0
Restaurationsbetriebe Christian I . Hahne,0
Fareast Trading GmbH,0
CREATEOCEANS GmbH & Co . KG,0
alert Film GmbH,0
ISAR Automation GmbH,0
Frauendorfer Reinigung service GmbH,0
Walter Feess Verwaltungs - GmbH,0
Volleyball Club Dresden Spiel betriebs GmbH,0
WEST DEUTSCHLAND Immobilien Portfolio II . / 2 00 7 GmbH,0
Umspannwerk Lonsheim GmbH & Co . KG,0
DATUS AG,0
HELIOS Medizinisches Versorgung zentrum Helmstedt GmbH,0
XL Airways Germany GmbH,0
Bruse Haus bau GmbH,0
Setzkorn Verwaltung gesellschaft mbH,0
Engel und Handke Handel und Montage GmbH,0
BIO - OEL HCT GmbH,0
Green Job UG ( haftungsbeschrankt ),0
CONPOWER Finanz Verwaltung GmbH,0
Deutsche Industrie - und Park haus bau GmbH,0
FIVO Finanz - Vermogens - Versicherung dienstleistung GmbH,0
Kredit garantie gemeinschaft in Baden Wurttemberg Verwaltungs - GmbH,0
Brilliant 3 1 0 . GmbH,0
Apotheke Kleinmachnow Inhaber Margit Schulz,0
F . Potthoff Assekuranz - Makler GmbH & Co . KG,0
Felzen Trading GmbH,0
Beate Scheidt UG ( haftungsbeschrankt ),0
Inversi UG ( haftungsbeschrankt ),0
AIN Verwaltungs GmbH,0
GiroWeb Nord GmbH,0
"Schreinerei Riehm & Sohn , Inhaber Markus Becker e . K .",0
Max Schuster Verwaltungs - GmbH,0
Schwarz und Fries System technik GmbH,0
Meiser GmbH,0
Trespaphan Holdings GmbH,0
MH Schmidt Gerust bau GmbH,0
Bau und Bau Service Gesellschaft mbH ( BBS ),0
Semcon Project Management GmbH,0
Buchbinderei und Galerie Christian Zwang GmbH,0
BuzzFeed GmbH,0
Aero Flight Center Hildesheim GmbH,0
"Ohde GmbH & Co . KG Stahl beton - , Hoch - und Tiefbau",0
d . core GmbH,0
Treuconcept Grund besitz GmbH,0
System Design - Buro & Einrichtung gesellschaft mbH,0
HBM - System planung GmbH,0
AHLERS HOLDING GmbH & Co . KG,0
CultTour 11 GmbH,0
Fritsch Vermogens verwaltung GmbH & Co . KG,0
RSAA GmbH,0
Konzept & Markt Gottingen GmbH,0
Hani Khalil KFZ - Handel e . K .,0
Schubel GmbH & Co . KG,0
Wind park Kirch Mulsow GmbH,0
EV Kassel Gottingen GmbH,0
Friedrich Schwertfeger GmbH & Co KG,0
Diorit - Achte Geschaftsbesorgungs GmbH & Co . KG,0
Reinhart Wholesale e . K . Inhaber Lukas Reinhart,0
Saterra Residenz bau GmbH,0
Diy - Tech GmbH & Co . KG,0
Titan - Aluminium - Fein guss GmbH,0
EuroVal GmbH & Co . Erste Beteiligungs KG,0
Lichtpaus - und Zeichen technik Ernst Perl GmbH,0
REWO - PACK F . Niedecker e . K,0
Kowal Immobilien Verwaltungs GmbH,0
0 7 11 Lifestyle GmbH & Co . KG,0
Berg mann Auto wasche GmbH,0
Abacom Beteiligungs GmbH .,0
Canal Grande Restaurant GmbH,0
SM - Service GmbH Strassen - und Gebaude - Reinigung,0
BPG Consulting UG ( haftungsbeschrankt ),0
Oko wert GEIS GmbH & Co . KG,0
PW 4 Immobilien GmbH,0
Senioren hilfe SMMP gGmbH,0
Oncosil Medical Germany GmbH,0
Pfaffikon Beteiligungs - und Verwaltungs GmbH,0
KogiTEK UG ( haftungsbeschrankt ),0
procar informatik AG,0
Muhle hof Muhlacker Stadt hallen betriebs GmbH,0
Landwidi GmbH,0
ZYLLA GmbH Aluminium & Kunststoff FENSTER - TUREN - FASSADEN,0
WK Immobilien Gesellschaft mit beschrankter Haftung,0
FINIKON Kapital planung gesellschaft mbH & Co . KG,0
Jurgen & Ingrid Weber UG ( haftungsbeschrankt ) & Co . KG,0
Navigante GmbH & Co . KG,0
LVM - Versicherung buro Wilhelm Westerman e . K .,0
HEGA Metall bau Winfried Mascher e . K .,0
Green Tower III Beteiligungs - GmbH,0
Bohn Direct Target Group Management GmbH,0
Werner Meiske Inh . Gregg Schwontkowski e . Kfm .,0
FONTIS Aktien gesellschaft,0
PW Sachsen lack Oberflachen beschichtung GmbH & Co . KG,0
Eyck Rosseck - AKZENT INNENDEKORATION eK,0
CM Dach zelt GmbH,0
1 - 2 - play GmbH,0
Richard Kurth GmbH,0
V - Projekt GmbH & Co . KG,0
Ingenieur buro Simon KG,0
papcon Papier verarbeitung GmbH,0
KONTEXT Gesellschaft fur Psychosoziale Dienste GmbH,0
Conti Clarissa Schiffahrts - GmbH,0
ProDEKon Blech technik Verwaltungs GmbH,0
Klockner PET International GmbH,0
Luckaitzer Bedachungs GmbH,0
Getranke Schulz GmbH,0
ALBRECHT AIRCRAFT SERVICE LIMITED,0
11 events GmbH,0
Dobberstein Grundstucks - + Vermogens verwaltung GmbH,0
Alphega Apotheken partner GmbH,0
Vogtle Verwaltungs GmbH,0
Elektro - Schillinger GmbH,0
Berger Beteiligung gesellschaft Deutschland mbH,0
CCNCH Kommanditgesellschaft UG ( haftungsbeschrankt ) & Co . KG,0
WOC Photovoltaik Invest 1 2 GmbH,0
Europa - Park GmbH & Co - Shopping KG,0
Bostel Mode vertriebs GmbH,0
Energie gesellschaft Europa allee m . b . H .,0
Pohlen Bedachungen GmbH & Co . Kommanditgesellschaft,0
RM General bau Koln GmbH,0
Wine Capital Selection GmbH,0
RS reparatur manufaktur UG ( haftungsbeschrankt ),0
IMMOfit GmbH & Co . KG,0
C . I . S . Construction & International Service GmbH,0
Bau haus MVZ GmbH,0
PICKERT UND PARTNER GMBH Gesellschaft fur Qualitat management,0
Transmission Advertising Services GmbH,0
focus horen Friedrichshafen GmbH,0
beaker GmbH,0
JSD Johannes Senioren dienste Sud gemeinnutzige GmbH,0
MW FUR DICH . UG ( haftungsbeschrankt ),0
FWS Geschafts fuhrung UG ( haftungsbeschrankt ),0
Aesculap - Apotheke Dieter Horlitz,0
Post dienst leistungen GS GmbH,0
Kampf Schrott - und Metall grosshandel GmbH,0
faber manufaktur & handels gmbh & co . kg,0
CarLoft Hotel Real Estate Dussel dorf GmbH,0
Alttec GmbH,0
Ambulanter Pflege dienst Wicht - Baasch GmbH,0
Pflege und Service Daheim GmbH,0
Media Markt TV - HiFi - Elektro GmbH Bonn,0
"hoelschertechnic - gorator GmbH & Co . KG , Berlin",0
Hecker Holz system bau GmbH,0
RMW Wohnung gesellschaft Frankfurt GmbH,0
Peter Kunz GmbH & Co . KG,0
Antkowiak Entsorgung GmbH,0
Gullich und Fleisch AG Unternehmens beratung gesellschaft,0
punkt ( . ) DigitaleFotografie und Gestaltung GmbH,0
